Provincia,,Comune,Provincia,Abitanti
Agrigento,7351,Agrigento,Agrigento,58323
Agrigento,7391,Sciacca,Agrigento,40899
Agrigento,7371,Licata,Agrigento,38125
Alessandria,848,Alessandria,Alessandria,89411
Alessandria,883,Casale Monferrato,Alessandria,34812
Alessandria,954,Novi Ligure,Alessandria,27682
Ancona,4802,Ancona,Ancona,100497
Ancona,4842,Senigallia,Ancona,44361
Ancona,4820,Jesi,Ancona,40303
Arezzo,4551,Arezzo,Arezzo,98144
Arezzo,4573,Montevarchi,Arezzo,23971
Arezzo,4565,Cortona,Arezzo,22495
Ascoli Piceno,4907,Ascoli Piceno,Ascoli Piceno,49958
Ascoli Piceno,4933,San Benedetto del Tronto,Ascoli Piceno,46963
Ascoli Piceno,4918,Grottammare,Ascoli Piceno,15615
Asti,732,Asti,Asti,73899
Asti,744,Canelli,Asti,10569
Asti,805,Nizza Monferrato,Asti,10372
Avellino,6076,Avellino,Avellino,54222
Avellino,6073,Ariano Irpino,Avellino,22517
Avellino,6186,Montoro,Avellino,19456
Bari,6410,Bari,Bari,315933
Bari,6409,Altamura,Bari,69529
Bari,6429,Molfetta,Bari,60433
Barletta-Andria-Trani,6592,Andria,Barletta-Andria-Trani,100052
Barletta-Andria-Trani,6593,Barletta,Barletta-Andria-Trani,94239
Barletta-Andria-Trani,6600,Trani,Barletta-Andria-Trani,55842
Belluno,3260,Belluno,Belluno,35591
Belluno,3273,Feltre,Belluno,20525
Belluno,3315,Borgo Valbelluna,Belluno,13993
Benevento,5906,Benevento,Benevento,61489
Benevento,5941,Montesarchio,Benevento,13198
Benevento,5968,Sant'Agata de' Goti,Benevento,11310
Bergamo,1774,Bergamo,Bergamo,115349
Bergamo,1961,Treviglio,Bergamo,28410
Bergamo,1940,Seriate,Bergamo,24336
Biella,1036,Biella,Biella,43818
Biella,1050,Cossato,Biella,14810
Biella,1106,Valdilana,Biella,12067
Bologna,4238,Bologna,Bologna,371337
Bologna,4261,Imola,Bologna,67892
Bologna,4243,Casalecchio di Reno,Bologna,35173
Bolzano/Bozen,2768,Bolzano,Bolzano/Bozen,102575
Bolzano/Bozen,2811,Merano,Bolzano/Bozen,37368
Bolzano/Bozen,2771,Bressanone,Bolzano/Bozen,20677
Brescia,2022,Brescia,Brescia,189902
Brescia,2060,Desenzano del Garda,Brescia,26793
Brescia,2106,Montichiari,Brescia,23734
Brindisi,6476,Brindisi,Brindisi,88812
Brindisi,6482,Fasano,Brindisi,39482
Brindisi,6483,Francavilla Fontana,Brindisi,36955
Cagliari,7694,Cagliari,Cagliari,149883
Cagliari,7699,Quartu Sant'Elena,Cagliari,69296
Cagliari,7701,Selargius,Cagliari,28684
Caltanissetta,7400,Gela,Caltanissetta,75668
Caltanissetta,7397,Caltanissetta,Caltanissetta,61711
Caltanissetta,7406,Niscemi,Caltanissetta,27975
Campobasso,5664,Campobasso,Campobasso,48747
Campobasso,5736,Termoli,Campobasso,32793
Campobasso,5661,Bojano,Campobasso,7946
Caserta,5816,Caserta,Caserta,75640
Caserta,5799,Aversa,Caserta,52830
Caserta,5843,Marcianise,Caserta,40297
Catania,7450,Catania,Catania,293902
Catania,7439,Acireale,Catania,51456
Catania,7468,Paternò,Catania,47870
Catanzaro,6895,Catanzaro,Catanzaro,89364
Catanzaro,6962,Lamezia Terme,Catanzaro,70336
Catanzaro,6952,Soverato,Catanzaro,8841
Chieti,5576,Chieti,Chieti,51484
Chieti,5653,Vasto,Chieti,38747
Chieti,5600,Lanciano,Chieti,35921
Como,1439,Como,Como,82045
Como,1419,Cantù,Como,38717
Como,1478,Mariano Comense,Como,23500
Cosenza,6882,Corigliano-Rossano,Cosenza,74848
Cosenza,6775,Cosenza,Cosenza,69484
Cosenza,6831,Rende,Cosenza,33555
Cremona,2419,Cremona,Cremona,69589
Cremona,2418,Crema,Cremona,33091
Cremona,2404,Casalmaggiore,Cremona,15111
Crotone,7069,Crotone,Crotone,58881
Crotone,7072,Isola di Capo Rizzuto,Crotone,15827
Crotone,7067,Cirò Marina,Crotone,15051
Cuneo,556,Cuneo,Cuneo,55013
Cuneo,483,Alba,Cuneo,30804
Cuneo,509,Bra,Cuneo,28935
Enna,7424,Enna,Enna,27894
Enna,7429,Piazza Armerina,Enna,22196
Enna,7427,Nicosia,Enna,14272
Fermo,4941,Fermo,Fermo,37016
Fermo,4969,Porto Sant'Elpidio,Fermo,25324
Fermo,4972,Sant'Elpidio a Mare,Fermo,16968
Ferrara,4295,Ferrara,Ferrara,132545
Ferrara,4291,Cento,Ferrara,34723
Ferrara,4293,Comacchio,Ferrara,22648
Firenze,4465,Firenze,Firenze,358079
Firenze,4485,Scandicci,Firenze,49765
Firenze,4486,Sesto Fiorentino,Firenze,47742
Foggia,6368,Foggia,Foggia,147036
Foggia,6364,Cerignola,Foggia,56653
Foggia,6373,Manfredonia,Foggia,56257
Forlì-Cesena,4336,Forlì,Forlì-Cesena,116434
Forlì-Cesena,4332,Cesena,Forlì-Cesena,95990
Forlì-Cesena,4333,Cesenatico,Forlì-Cesena,25412
Frosinone,5300,Frosinone,Frosinone,46649
Frosinone,5281,Cassino,Frosinone,33658
Frosinone,5265,Alatri,Frosinone,28609
Genova,3980,Genova,Genova,586180
Genova,4001,Rapallo,Genova,29226
Genova,3970,Chiavari,Genova,27338
Gorizia,3746,Gorizia,Gorizia,35212
Gorizia,3751,Monfalcone,Gorizia,27041
Gorizia,3755,Ronchi dei Legionari,Gorizia,11960
Grosseto,4631,Grosseto,Grosseto,78630
Grosseto,4629,Follonica,Grosseto,21479
Grosseto,4638,Orbetello,Grosseto,14705
Imperia,3873,Sanremo,Imperia,54137
Imperia,3850,Imperia,Imperia,42322
Imperia,3883,Ventimiglia,Imperia,23926
Isernia,5765,Isernia,Isernia,22025
Isernia,5794,Venafro,Isernia,11236
Isernia,5744,Agnone,Isernia,5240
L'Aquila,5402,L'Aquila,L'Aquila,66964
L'Aquila,5359,Avezzano,L'Aquila,40744
L'Aquila,5451,Sulmona,L'Aquila,24275
La Spezia,4037,La Spezia,La Spezia,92659
La Spezia,4049,Sarzana,La Spezia,21829
La Spezia,4024,Arcola,La Spezia,10316
Latina,5240,Latina,Latina,117892
Latina,5230,Aprilia,Latina,66979
Latina,5261,Terracina,Latina,44233
Lecce,6529,Lecce,Lecce,89916
Lecce,6546,Nardò,Lecce,31688
Lecce,6523,Galatina,Lecce,27214
Lecco,2602,Lecco,Lecco,46705
Lecco,2608,Merate,Lecco,14583
Lecco,2574,Calolziocorte,Lecco,14009
Livorno,4502,Livorno,Livorno,157052
Livorno,4505,Piombino,Livorno,34419
Livorno,4508,Rosignano Marittimo,Livorno,31752
Lodi,2674,Lodi,Lodi,43332
Lodi,2662,Codogno,Lodi,15371
Lodi,2654,Casalpusterlengo,Lodi,14852
Lucca,4414,Lucca,Lucca,87200
Lucca,4428,Viareggio,Lucca,61857
Lucca,4406,Capannori,Lucca,44898
Macerata,4868,Macerata,Macerata,42019
Macerata,4859,Civitanova Marche,Macerata,40217
Macerata,4888,Recanati,Macerata,21416
Mantova,2522,Mantova,Mantova,46649
Mantova,2510,Castiglione delle Stiviere,Mantova,22052
Mantova,2555,Suzzara,Mantova,20545
Massa-Carrara,4392,Massa,Massa-Carrara,68856
Massa-Carrara,4385,Carrara,Massa-Carrara,64689
Massa-Carrara,4383,Aulla,Massa-Carrara,11284
Matera,6715,Matera,Matera,59796
Matera,6721,Pisticci,Matera,17361
Matera,6722,Policoro,Matera,15976
Messina,7290,Messina,Messina,243262
Messina,7247,Barcellona Pozzo di Gotto,Messina,41632
Messina,7291,Milazzo,Messina,32146
Milano,1689,Milano,Milano,1242123
Milano,1729,Sesto San Giovanni,Milano,76514
Milano,1655,Cinisello Balsamo,Milano,71128
Modena,4209,Modena,Modena,179149
Modena,4191,Carpi,Modena,67268
Modena,4226,Sassuolo,Modena,39885
Monza e della Brianza,2738,Monza,Monza e della Brianza,119856
Monza e della Brianza,2744,Seregno,Monza e della Brianza,43001
Monza e della Brianza,2733,Lissone,Monza e della Brianza,42220
Napoli,6025,Napoli,Napoli,962003
Napoli,6010,Giugliano in Campania,Napoli,108793
Napoli,6060,Torre del Greco,Napoli,85922
Novara,450,Novara,Novara,101952
Novara,405,Borgomanero,Novara,21166
Novara,474,Trecate,Novara,19856
Nuoro,7655,Nuoro,Nuoro,36674
Nuoro,7677,Siniscola,Nuoro,11469
Nuoro,7685,Tortolì,Nuoro,10743
Oristano,7747,Oristano,Oristano,31155
Oristano,7774,Terralba,Oristano,10440
Oristano,7727,Cabras,Oristano,9032
Padova,3510,Padova,Padova,206192
Padova,3456,Albignasego,Padova,23464
Padova,3534,Selvazzano Dentro,Padova,22145
Palermo,7213,Palermo,Palermo,657561
Palermo,7166,Bagheria,Palermo,54257
Palermo,7209,Monreale,Palermo,38018
Parma,4126,Parma,Parma,175895
Parma,4114,Fidenza,Parma,25521
Parma,4130,Salsomaggiore Terme,Parma,19505
Pavia,2303,Pavia,Pavia,68280
Pavia,2368,Vigevano,Pavia,60109
Pavia,2373,Voghera,Pavia,38174
Perugia,4694,Perugia,Perugia,162449
Perugia,4673,Foligno,Perugia,56045
Perugia,4668,Città di Castello,Perugia,40064
Pesaro e Urbino,4782,Pesaro,Pesaro e Urbino,94237
Pesaro e Urbino,4756,Fano,Pesaro e Urbino,62901
Pesaro e Urbino,4796,Urbino,Pesaro e Urbino,15501
Pescara,5536,Pescara,Pescara,117166
Pescara,5532,Montesilvano,Pescara,50413
Pescara,5549,Spoltore,Pescara,18566
Piacenza,4083,Piacenza,Piacenza,100311
Piacenza,4074,Fiorenzuola d'Arda,Piacenza,14886
Piacenza,4066,Castel San Giovanni,Piacenza,13629
Pisa,4534,Pisa,Pisa,85858
Pisa,4519,Cascina,Pisa,43833
Pisa,4539,San Giuliano Terme,Pisa,31103
Pistoia,4444,Pistoia,Pistoia,89101
Pistoia,4446,Quarrata,Pistoia,25378
Pistoia,4439,Monsummano Terme,Pistoia,20767
Pordenone,3801,Pordenone,Pordenone,50583
Pordenone,3805,Sacile,Pordenone,19897
Pordenone,3786,Cordenons,Pordenone,18203
Potenza,6664,Potenza,Potenza,66777
Potenza,6649,Melfi,Potenza,17425
Potenza,6644,Lavello,Potenza,13590
Prato,4653,Prato,Prato,185456
Prato,4651,Montemurlo,Prato,17908
Prato,4650,Carmignano,Prato,13991
Ragusa,7502,Ragusa,Ragusa,69794
Ragusa,7505,Vittoria,Ragusa,61006
Ragusa,7499,Modica,Ragusa,53959
Ravenna,4323,Ravenna,Ravenna,153740
Ravenna,4319,Faenza,Ravenna,57748
Ravenna,4321,Lugo,Ravenna,32062
Reggio Calabria,7025,Reggio di Calabria,Reggio Calabria,180817
Reggio Calabria,7000,Gioia Tauro,Reggio Calabria,19063
Reggio Calabria,7019,Palmi,Reggio Calabria,18721
Reggio nell'Emilia,4173,Reggio nell'Emilia,Reggio nell'Emilia,162082
Reggio nell'Emilia,4162,Correggio,Reggio nell'Emilia,24825
Reggio nell'Emilia,4180,Scandiano,Reggio nell'Emilia,24792
Rieti,5094,Rieti,Rieti,46187
Rieti,5062,Fara in Sabina,Rieti,12326
Rieti,5051,Cittaducale,Rieti,6900
Rimini,4368,Rimini,Rimini,139601
Rimini,4367,Riccione,Rimini,34536
Rimini,4372,Santarcangelo di Romagna,Rimini,20839
Roma,5199,Roma,Roma,2617175
Roma,5155,Guidonia Montecelio,Roma,81447
Roma,5228,Fiumicino,Roma,67626
Rovigo,3594,Rovigo,Rovigo,50164
Rovigo,3556,Adria,Rovigo,20233
Rovigo,3605,Porto Viro,Rovigo,14645
Salerno,6302,Salerno,Salerno,132608
Salerno,6223,Cava de' Tirreni,Salerno,53885
Salerno,6200,Battipaglia,Salerno,50464
Sassari,7590,Sassari,Sassari,123782
Sassari,7573,Olbia,Sassari,53307
Sassari,7529,Alghero,Sassari,40641
Savona,3942,Savona,Savona,60661
Savona,3888,Albenga,Savona,23576
Savona,3951,Varazze,Savona,13461
Siena,4615,Siena,Siena,52839
Siena,4606,Poggibonsi,Siena,28952
Siena,4597,Colle di Val d'Elsa,Siena,21256
Siracusa,7522,Siracusa,Siracusa,118385
Siracusa,7506,Augusta,Siracusa,36169
Siracusa,7507,Avola,Siracusa,31328
Sondrio,1600,Sondrio,Sondrio,21642
Sondrio,1584,Morbegno,Sondrio,11786
Sondrio,1605,Tirano,Sondrio,9073
Sud Sardegna,7805,Carbonia,Sud Sardegna,28882
Sud Sardegna,7831,Iglesias,Sud Sardegna,27674
Sud Sardegna,7892,Villacidro,Sud Sardegna,14281
Taranto,6473,Taranto,Taranto,200154
Taranto,6459,Martina Franca,Taranto,49009
Taranto,6454,Grottaglie,Taranto,32503
Teramo,5502,Teramo,Teramo,54294
Teramo,5498,Roseto degli Abruzzi,Teramo,24940
Teramo,5486,Giulianova,Teramo,23199
Terni,4746,Terni,Terni,109193
Terni,4737,Orvieto,Terni,21064
Terni,4736,Narni,Terni,20054
Torino,267,Torino,Torino,872367
Torino,152,Moncalieri,Torino,55875
Torino,88,Collegno,Torino,49083
Trapani,7147,Marsala,Trapani,80218
Trapani,7157,Trapani,Trapani,69241
Trapani,7148,Mazara del Vallo,Trapani,49995
Trento,3008,Trento,Trento,114198
Trento,2977,Rovereto,Trento,37754
Trento,2965,Pergine Valsugana,Trento,20446
Treviso,3399,Treviso,Treviso,81014
Treviso,3336,Conegliano,Treviso,34428
Treviso,3327,Castelfranco Veneto,Treviso,32894
Trieste,3770,Trieste,Trieste,202123
Trieste,3767,Muggia,Trieste,13022
Trieste,3765,Duino Aurisina,Trieste,8586
Udine,3727,Udine,Udine,98287
Udine,3631,Codroipo,Udine,15806
Udine,3718,Tavagnacco,Udine,14262
Valle d'Aosta/Vallée d'Aoste,1183,Aosta,Valle d'Aosta/Vallée d'Aoste,34102
Valle d'Aosta/Vallée d'Aoste,1200,Châtillon,Valle d'Aosta/Vallée d'Aoste,4946
Valle d'Aosta/Vallée d'Aoste,1246,Sarre,Valle d'Aosta/Vallée d'Aoste,4857
Varese,1383,Varese,Varese,79793
Varese,1280,Busto Arsizio,Varese,79692
Varese,1323,Gallarate,Varese,50456
Venezia,3451,Venezia,Venezia,261362
Venezia,3417,Chioggia,Venezia,49735
Venezia,3442,San Donà di Piave,Venezia,40646
Verbano-Cusio-Ossola,1174,Verbania,Verbano-Cusio-Ossola,30332
Verbano-Cusio-Ossola,1132,Domodossola,Verbano-Cusio-Ossola,18175
Verbano-Cusio-Ossola,1153,Omegna,Verbano-Cusio-Ossola,15744
Vercelli,388,Vercelli,Vercelli,46308
Vercelli,322,Borgosesia,Vercelli,13031
Vercelli,378,Santhià,Vercelli,8825
Verona,3133,Verona,Verona,252520
Verona,3138,Villafranca di Verona,Verona,32747
Verona,3086,Legnago,Verona,24992
Vibo Valentia,7133,Vibo Valentia,Vibo Valentia,33357
Vibo Valentia,7113,Pizzo,Vibo Valentia,8885
Vibo Valentia,7107,Mileto,Vibo Valentia,6894
Vicenza,3243,Vicenza,Vicenza,111500
Vicenza,3151,Bassano del Grappa,Vicenza,42984
Vicenza,3229,Schio,Vicenza,39131
Viterbo,5034,Viterbo,Viterbo,63209
Viterbo,5025,Tarquinia,Viterbo,16016
Viterbo,4996,Civita Castellana,Viterbo,15596
